feature,label,weight,mean_abs_shap,mean_shap,std_shap
S1_copurchase,Co-compra,0.45,0.07284789123800982,8.800599138325538e-17,0.10878376258902007
S2_affinities,Afinidad perfil,0.3,0.0256733305105975,-2.8754776337791555e-17,0.030690298509327106
S5_popularity,Popularidad,0.1,0.011151192013415552,9.016051794041857e-17,0.013894546607815536
S4_recency_item,Recencia ítem,0.1,0.003374948069485363,5.550106815105371e-17,0.004032088320147107
S3_temporal_eff,Estacionalidad,0.05,0.0,0.0,0.0
