rank_group,n,mean_abs_shap_S1_copurchase,mean_shap_S1_copurchase,mean_abs_shap_S2_affinities,mean_shap_S2_affinities,mean_abs_shap_S3_temporal_eff,mean_shap_S3_temporal_eff,mean_abs_shap_S4_recency_item,mean_shap_S4_recency_item,mean_abs_shap_S5_popularity,mean_shap_S5_popularity,pct_S1_copurchase,pct_S2_affinities,pct_S3_temporal_eff,pct_S4_recency_item,pct_S5_popularity
Top 1-3,2000,0.26237347092757873,0.2550515904631288,0.03212498320751793,0.012061112681711155,0.0,0.0,0.0032263847557714538,0.0006849119175413013,0.012195799316532323,0.003748042610893972,0.8465827653336112,0.1036555144998757,0.0,0.010410357872367122,0.039351362294145875
Pos 4-5,2000,0.10568008595797992,0.07895559473483298,0.03263726323974231,0.013894391822981977,0.0,0.0,0.0032926710667099176,0.0007265846044279081,0.012521240085653468,0.004437032429527595,0.6856499175958449,0.21174979796837937,0.0,0.021362772608432046,0.08123751182734368
Pos 6-10,2000,0.06966878709249433,0.028686120340847724,0.031604075100191496,0.013454696036770866,0.0,0.0,0.0031075201860997943,0.0006309979980921354,0.011545661699592754,0.003953082491683261,0.6009761451481153,0.27262273418752886,0.0,0.026806057351519554,0.09959506331283638
Pos 11-20,2000,0.05254187672047838,-0.010592764713014886,0.02916058593781661,0.010379424691808555,0.0,0.0,0.0032958050646843757,0.0005348993282558983,0.010130887046169405,0.004042204948709768,0.5523214922699826,0.30653679209681833,0.0,0.034645583393254686,0.1064961322399444
