rank_group,n,mean_abs_shap_S1_copurchase,mean_shap_S1_copurchase,mean_abs_shap_S2_affinities,mean_shap_S2_affinities,mean_abs_shap_S3_temporal_eff,mean_shap_S3_temporal_eff,mean_abs_shap_S4_recency_item,mean_shap_S4_recency_item,mean_abs_shap_S5_popularity,mean_shap_S5_popularity,pct_S1_copurchase,pct_S2_affinities,pct_S3_temporal_eff,pct_S4_recency_item,pct_S5_popularity
Top 1-3,2000,0.23322086304673678,0.22671252485611457,0.026770819339598274,0.010050927234759297,0.0019661672965756312,0.0004258332097763662,0.0016131923778857269,0.0003424559587706506,0.012195799316532323,0.003748042610893972,0.8457175702557481,0.0970777313395995,0.007129817663195213,0.0058498417352447875,0.044225039006212295
Pos 4-5,2000,0.09393785418487108,0.0701827508754071,0.02719771936645193,0.011578659852484978,0.0015989400261345393,0.00010103710669076735,0.0016463355333549588,0.00036329230221395403,0.012521240085653468,0.004437032429527595,0.6861681566456037,0.19866548075406593,0.01167944211457523,0.012025642143359326,0.09146127834239577
Pos 6-10,2000,0.061927810748883844,0.025498773636309088,0.026336729250159584,0.011212246697309053,0.001573577706208931,9.402519209961391e-05,0.0015537600930498972,0.0003154989990460677,0.011545661699592754,0.003953082491683261,0.6016057023604127,0.2558515521026044,0.01528672352073375,0.015094202762459367,0.11216181925378985
Pos 11-20,2000,0.046703890418203005,-0.009415790856013231,0.024300488281513846,0.008649520576507128,0.0014745440771263643,4.7079177359027666e-05,0.0016479025323421878,0.00026744966412794915,0.010130887046169405,0.004042204948709768,0.5542981065190864,0.28840669420298454,0.017500404840182594,0.01955788362010352,0.1202369108176429
